Idea Id,Idea Summary,Theme/Category,Presentation,Project Name
34567,AAA,Agriculture,www.google.com,A
34567,SSS,Agriculture,www.google.com,B
34567,AAA,Agriculture,www.google.com,C
34567,SSS,Agriculture,www.google.com,D
34567,AAA,Agriculture,www.google.com,E
34567,SSS,Agriculture,www.google.com,A
34567,AAA,Agriculture,www.google.com,B
34567,SSS,Agriculture,www.google.com,C
34567,AAA,Agriculture,www.google.com,D
34567,SSS,Agriculture,www.google.com,E
34567,AAA,Agriculture,www.google.com,A
34567,SSS,Agriculture,www.google.com,B
34567,AAA,Agriculture,www.google.com,C
34567,SSS,Agriculture,www.google.com,D
34567,AAA,Agriculture,www.google.com,E
34567,SSS,Agriculture,www.google.com,A
34567,AAA,Agriculture,www.google.com,B
34567,SSS,Agriculture,www.google.com,C
34567,AAA,Agriculture,www.google.com,D
34567,SSS,Agriculture,www.google.com,E
34567,AAA,Agriculture,www.google.com,A
34567,SSS,Agriculture,www.google.com,B
34567,AAA,Agriculture,www.google.com,C
34567,SSS,Agriculture,www.google.com,D
34567,AAA,Agriculture,www.google.com,E
34567,SSS,Agriculture,www.google.com,A
34567,AAA,Agriculture,www.google.com,B
34567,SSS,Agriculture,www.google.com,C
34567,AAA,Agriculture,www.google.com,D
34567,SSS,Agriculture,www.google.com,E
34567,AAA,Agriculture,www.google.com,A
34567,SSS,Agriculture,www.google.com,B
34567,AAA,Agriculture,www.google.com,C
34567,SSS,Agriculture,www.google.com,D
34567,AAA,Agriculture,www.google.com,E
34567,SSS,Agriculture,www.google.com,A
34567,AAA,Agriculture,www.google.com,B
34567,SSS,Agriculture,www.google.com,C
34567,AAA,Agriculture,www.google.com,D
34567,SSS,Agriculture,www.google.com,E
34567,AAA,Agriculture,www.google.com,A
34567,SSS,Agriculture,www.google.com,B
34567,AAA,Agriculture,www.google.com,C
34567,SSS,Agriculture,www.google.com,D
34567,AAA,Agriculture,www.google.com,E
34567,SSS,Agriculture,www.google.com,A
34567,AAA,Agriculture,www.google.com,B
34567,SSS,Agriculture,www.google.com,C
34567,AAA,Agriculture,www.google.com,D
34567,SSS,Agriculture,www.google.com,E
34567,AAA,Agriculture,www.google.com,A
34567,SSS,Agriculture,www.google.com,B
34567,AAA,Agriculture,www.google.com,C
34567,SSS,Agriculture,www.google.com,D
34567,AAA,Agriculture,www.google.com,E
34567,SSS,Agriculture,www.google.com,A
34567,AAA,Agriculture,www.google.com,B
34567,SSS,Agriculture,www.google.com,C
34567,AAA,Agriculture,www.google.com,D
34567,SSS,Agriculture,www.google.com,E
34567,AAA,Agriculture,www.google.com,A
34567,SSS,Agriculture,www.google.com,B
34567,AAA,Agriculture,www.google.com,C
34567,SSS,Agriculture,www.google.com,D
34567,AAA,Agriculture,www.google.com,E
34567,SSS,Agriculture,www.google.com,A
34567,AAA,Agriculture,www.google.com,B
34567,SSS,Agriculture,www.google.com,C
34567,AAA,Agriculture,www.google.com,D
34567,SSS,Agriculture,www.google.com,E
34567,AAA,Agriculture,www.google.com,A
34567,SSS,Agriculture,www.google.com,B
34567,AAA,Agriculture,www.google.com,C
34567,SSS,Agriculture,www.google.com,D
34567,AAA,Agriculture,www.google.com,E
34567,SSS,Agriculture,www.google.com,A
34567,AAA,Agriculture,www.google.com,B
34567,SSS,Agriculture,www.google.com,C
34567,AAA,Agriculture,www.google.com,D
34567,SSS,Agriculture,www.google.com,E
34567,AAA,Agriculture,www.google.com,A
34567,SSS,Agriculture,www.google.com,B
34567,AAA,Agriculture,www.google.com,C
34567,SSS,Agriculture,www.google.com,D
34567,AAA,Agriculture,www.google.com,E
34567,SSS,Agriculture,www.google.com,A
34567,AAA,Agriculture,www.google.com,B
34567,SSS,Agriculture,www.google.com,C
34567,AAA,Agriculture,www.google.com,D
34567,SSS,Agriculture,www.google.com,E
34567,AAA,Agriculture,www.google.com,A
34567,SSS,Agriculture,www.google.com,B
34567,AAA,Agriculture,www.google.com,C
34567,SSS,Agriculture,www.google.com,D
34567,AAA,Agriculture,www.google.com,E
34567,SSS,Agriculture,www.google.com,A
34567,AAA,Agriculture,www.google.com,B
34567,SSS,Agriculture,www.google.com,C
34567,AAA,Agriculture,www.google.com,D
34567,SSS,Agriculture,www.google.com,E
34567,AAA,Agriculture,www.google.com,A
34567,SSS,Agriculture,www.google.com,B
34567,AAA,Agriculture,www.google.com,C
34567,SSS,Agriculture,www.google.com,D
34567,AAA,Agriculture,www.google.com,E
34567,SSS,Agriculture,www.google.com,A
34567,AAA,Agriculture,www.google.com,B
34567,SSS,Agriculture,www.google.com,C
34567,AAA,Agriculture,www.google.com,D
34567,SSS,Agriculture,www.google.com,E
34567,AAA,Agriculture,www.google.com,A
34567,SSS,Agriculture,www.google.com,B
34567,AAA,Agriculture,www.google.com,C
34567,SSS,Agriculture,www.google.com,D
34567,AAA,Agriculture,www.google.com,E
34567,SSS,Agriculture,www.google.com,A
34567,AAA,Agriculture,www.google.com,B
34567,SSS,Agriculture,www.google.com,C
34567,AAA,Agriculture,www.google.com,D
34567,SSS,Agriculture,www.google.com,E
34567,AAA,Agriculture,www.google.com,A
34567,SSS,Agriculture,www.google.com,B
34567,AAA,Agriculture,www.google.com,C
34567,SSS,Agriculture,www.google.com,D
34567,AAA,Agriculture,www.google.com,E
34567,SSS,Agriculture,www.google.com,A
34567,AAA,Agriculture,www.google.com,B
34567,SSS,Agriculture,www.google.com,C
34567,AAA,Agriculture,www.google.com,D
34567,SSS,Agriculture,www.google.com,E
34567,AAA,Agriculture,www.google.com,A
34567,SSS,Agriculture,www.google.com,B
34567,AAA,Agriculture,www.google.com,C
34567,SSS,Agriculture,www.google.com,D
34567,AAA,Agriculture,www.google.com,E
34567,SSS,Agriculture,www.google.com,A
34567,AAA,Agriculture,www.google.com,B
34567,SSS,Agriculture,www.google.com,C
34567,AAA,Agriculture,www.google.com,D
34567,SSS,Agriculture,www.google.com,E